<?xml version="1.0" encoding="utf-8"?>
<layer-list xmlns:android="http://schemas.android.com/apk/res/android">
    <item android:height="10dp">
        <shape>
            <solid android:color="#fff" />
        </shape>
    </item>
    <item android:top="-500dp"
        android:bottom="0dp"
        android:left="-100dp" android:right="-100dp">
        <shape>
            <corners android:radius="500dp" />
            <corners android:bottomLeftRadius="12dp"/>
            <corners android:bottomLeftRadius="12dp"/>
            <corners android:topLeftRadius="112dp"/>
            <solid android:color="#082C08" />
        </shape>
    </item>
</layer-list>